Tray,Rep,Treatment,Pop,Cell,Expect_count,7/31/2024,8/1/2024,8/2/2024,8/3/2024,8/4/2024,8/5/2024,8/6/2024
1,1,05KNO3,YO1,A1_T1,5,0,0,0,0,0,0,0
1,1,05KNO3,IH,A2_T1,5,1,1,0,0,0,0,0
1,1,02KNO3,LVTR,A3_T1,5,0,0,0,0,0,0,0
1,1,LS,DPR,A4_T1,5,1,0,1,0,0,0,0
1,1,02KNO3,FR,A5_T1,5,0,0,0,0,0,0,0
1,1,LS,CP2,A6_T1,5,0,0,0,0,0,0,0
1,1,Control,SQ1,B1_T1,5,0,0,0,0,0,0,0
1,1,LS,FR,B2_T1,5,0,0,0,0,0,0,1
1,1,02KNO3,DPR,B3_T1,5,0,0,0,1,0,0,0
1,1,LS,WL1,B4_T1,5,0,0,0,0,0,0,0
1,1,Control,WL2,B5_T1,5,0,0,0,0,0,0,0
1,1,02KNO3,WL2,B6_T1,5,0,0,0,0,0,0,1
1,1,02KNO3,SQ1,C1_T1,5,0,0,0,0,0,0,0
1,1,02KNO3,YO7,C2_T1,5,0,0,0,0,0,0,0
1,1,LS,TM2,C3_T1,5,0,0,0,0,0,0,0
1,1,02KNO3,TM2,C4_T1,5,0,1,0,0,0,0,0
1,1,LS,LVTR,C5_T1,5,0,0,0,0,0,0,0
1,1,05KNO3,SQ1,C6_T1,5,0,0,0,0,1,0,0
1,1,LS,BH,D1_T1,5,0,0,0,0,0,0,0
1,1,05KNO3,LVTR,D2_T1,5,0,0,0,0,0,0,0
1,1,05KNO3,TM2,D3_T1,5,0,0,0,0,0,0,0
1,1,LS,SQ1,D4_T1,5,0,0,0,0,0,0,0
1,1,Control,TM2,D5_T1,5,0,0,0,0,0,0,0
1,1,Control,WL1,D6_T1,5,0,0,0,0,0,0,0
2,1,Control,YO1,A1_T2,5,0,0,0,0,0,0,0
2,1,Control,IH,A2_T2,5,0,0,0,0,0,0,0
2,1,LS,YO7,A3_T2,5,0,0,0,0,0,0,0
2,1,Control,YO7,A4_T2,5,0,0,0,0,0,0,0
2,1,Control,FR,A5_T2,5,0,0,0,0,1,0,0
2,1,02KNO3,IH,A6_T2,5,0,1,0,0,1,0,0
2,1,02KNO3,WL1,B1_T2,5,0,0,0,0,0,0,0
2,1,02KNO3,YO1,B2_T2,5,1,0,0,0,0,0,0
2,1,05KNO3,BH,B3_T2,5,0,0,0,0,0,0,0
2,1,LS,WL2,B4_T2,5,0,0,0,1,0,0,0
2,1,05KNO3,WL1,B5_T2,5,0,0,0,1,0,0,1
2,1,Control,DPR,B6_T2,5,0,0,1,0,0,0,0
2,1,02KNO3,BH,C1_T2,5,0,0,0,0,0,0,0
2,1,Control,CP2,C2_T2,5,0,0,0,0,0,0,0
2,1,Control,BH,C3_T2,5,0,0,0,0,0,0,0
2,1,02KNO3,CP2,C4_T2,5,0,0,0,0,0,0,0
2,1,05KNO3,YO7,C5_T2,5,0,0,0,0,0,0,0
2,1,LS,IH,C6_T2,5,0,0,0,1,0,0,0
2,1,05KNO3,DPR,D1_T2,5,0,1,0,0,1,0,1
2,1,05KNO3,FR,D2_T2,5,0,0,0,0,0,0,0
2,1,LS,YO1,D3_T2,5,0,0,0,0,0,0,0
2,1,Control,LVTR,D4_T2,5,0,0,0,0,0,0,0
2,1,05KNO3,CP2,D5_T2,5,0,0,0,1,0,0,0
2,1,05KNO3,WL2,D6_T2,5,0,0,0,0,0,0,0
3,2,05KNO3,TM2,A1_T3,5,0,0,0,0,0,0,0
3,2,05KNO3,IH,A2_T3,5,0,0,0,1,1,0,0
3,2,02KNO3,CP2,A3_T3,5,0,0,0,0,0,0,0
3,2,05KNO3,BH,A4_T3,5,0,0,0,0,0,0,0
3,2,Control,SQ1,A5_T3,5,0,0,0,0,0,0,0
3,2,Control,LVTR,A6_T3,5,0,0,0,0,0,0,0
3,2,05KNO3,LVTR,B1_T3,5,0,0,0,0,0,0,0
3,2,Control,FR,B2_T3,5,0,0,0,0,0,0,0
3,2,02KNO3,IH,B3_T3,5,0,0,0,0,0,0,0
3,2,05KNO3,YO1,B4_T3,5,0,0,0,0,0,0,0
3,2,LS,CP2,B5_T3,5,0,0,0,0,0,0,0
3,2,LS,YO7,B6_T3,5,0,0,0,0,0,0,0
3,2,02KNO3,FR,C1_T3,5,0,0,0,0,0,0,0
3,2,LS,BH,C2_T3,5,0,0,0,0,0,0,0
3,2,Control,WL2,C3_T3,5,0,0,0,0,0,0,0
3,2,02KNO3,WL1,C4_T3,5,1,0,0,0,0,0,0
3,2,05KNO3,FR,C5_T3,5,1,0,0,1,0,0,0
3,2,LS,WL1,C6_T3,5,0,0,0,0,0,0,0
3,2,Control,YO7,D1_T3,5,0,0,0,0,0,0,0
3,2,02KNO3,YO7,D2_T3,5,0,0,0,0,0,0,0
3,2,02KNO3,SQ1,D3_T3,5,0,0,0,0,0,0,0
3,2,02KNO3,WL2,D4_T3,5,1,0,0,0,0,0,0
3,2,LS,DPR,D5_T3,5,1,0,1,0,0,0,0
3,2,02KNO3,DPR,D6_T3,5,0,3,0,1,0,0,0
4,2,LS,LVTR,A1_T4,5,0,0,0,0,0,0,0
4,2,Control,WL1,A2_T4,5,0,0,0,0,0,0,0
4,2,Control,IH,A3_T4,5,0,0,0,0,1,0,0
4,2,05KNO3,WL1,A4_T4,5,1,0,0,0,0,0,0
4,2,Control,CP2,A5_T4,5,0,0,0,0,0,0,0
4,2,LS,IH,A6_T4,5,1,1,0,0,0,0,0
4,2,LS,FR,B1_T4,5,0,0,1,0,0,0,0
4,2,LS,WL2,B2_T4,5,0,0,0,0,0,0,0
4,2,05KNO3,WL2,B3_T4,5,0,0,0,0,0,0,0
4,2,02KNO3,TM2,B4_T4,5,0,0,0,0,0,0,0
4,2,05KNO3,DPR,B5_T4,5,0,0,1,1,0,0,0
4,2,02KNO3,LVTR,B6_T4,5,0,0,0,0,0,0,0
4,2,Control,BH,C1_T4,5,0,0,0,0,0,0,0
4,2,Control,YO1,C2_T4,5,0,0,0,0,0,0,0
4,2,LS,TM2,C3_T4,5,0,0,0,0,0,0,0
4,2,LS,SQ1,C4_T4,5,1,0,0,0,0,0,0
4,2,Control,DPR,C5_T4,5,0,0,0,0,0,1,0
4,2,05KNO3,CP2,C6_T4,5,0,0,0,0,0,0,0
4,2,LS,YO1,D1_T4,5,0,0,0,0,0,0,0
4,2,02KNO3,BH,D2_T4,5,0,0,0,0,0,0,0
4,2,05KNO3,SQ1,D3_T4,5,0,0,0,0,0,0,0
4,2,02KNO3,YO1,D4_T4,5,0,0,0,0,0,0,0
4,2,Control,TM2,D5_T4,5,0,0,0,0,0,0,0
4,2,05KNO3,YO7,D6_T4,5,0,0,0,0,0,0,0
5,3,Control,YO7,A1_T5,5,0,0,0,0,0,0,0
5,3,LS,IH,A2_T5,5,1,0,0,0,0,0,0
5,3,Control,WL1,A3_T5,5,0,0,0,0,0,0,0
5,3,05KNO3,YO1,A4_T5,5,0,0,0,0,0,0,0
5,3,05KNO3,BH,A5_T5,5,0,0,0,1,0,0,0
5,3,02KNO3,TM2,A6_T5,5,0,0,0,0,0,0,0
5,3,05KNO3,WL2,B1_T5,5,0,0,0,0,0,0,0
5,3,LS,BH,B2_T5,5,0,0,0,0,0,0,0
5,3,LS,YO1,B3_T5,5,0,0,0,0,0,0,0
5,3,Control,FR,B4_T5,5,0,0,0,0,0,0,0
5,3,LS,FR,B5_T5,5,0,0,0,0,0,0,0
5,3,LS,LVTR,B6_T5,5,0,0,0,0,0,0,0
5,3,Control,WL2,C1_T5,5,0,0,0,0,0,0,0
5,3,05KNO3,IH,C2_T5,5,0,1,1,0,0,0,0
5,3,Control,TM2,C3_T5,5,0,0,0,0,0,0,0
5,3,LS,YO7,C4_T5,5,0,0,0,0,0,0,0
5,3,05KNO3,SQ1,C5_T5,5,0,1,0,0,0,0,0
5,3,Control,DPR,C6_T5,5,0,0,1,2,0,0,0
5,3,02KNO3,LVTR,D1_T5,5,0,1,0,0,0,0,0
5,3,LS,CP2,D2_T5,5,0,0,0,0,0,0,0
5,3,Control,CP2,D3_T5,5,0,0,0,0,0,0,0
5,3,Control,YO1,D4_T5,5,0,0,0,0,0,0,0
5,3,02KNO3,SQ1,D5_T5,5,0,0,0,0,0,0,0
5,3,02KNO3,WL2,D6_T5,5,0,0,0,0,0,0,0
6,3,05KNO3,YO7,A1_T6,5,0,0,0,0,0,0,0
6,3,Control,IH,A2_T6,5,1,0,0,0,0,0,0
6,3,LS,TM2,A3_T6,5,0,0,0,0,0,0,0
6,3,05KNO3,WL1,A4_T6,5,0,0,0,0,0,0,0
6,3,05KNO3,FR,A5_T6,5,0,0,0,1,0,0,0
6,3,05KNO3,LVTR,A6_T6,5,1,0,0,0,1,0,0
6,3,02KNO3,YO1,B1_T6,5,0,0,0,0,0,0,0
6,3,LS,DPR,B2_T6,5,0,0,0,1,1,0,0
6,3,02KNO3,BH,B3_T6,5,0,0,0,0,0,0,0
6,3,Control,BH,B4_T6,5,0,0,0,0,0,0,0
6,3,05KNO3,TM2,B5_T6,5,0,0,0,0,0,0,0
6,3,05KNO3,DPR,B6_T6,5,1,0,0,2,0,0,0
6,3,Control,SQ1,C1_T6,5,0,0,0,0,0,0,0
6,3,02KNO3,FR,C2_T6,5,0,0,0,0,0,0,0
6,3,Control,LVTR,C3_T6,5,0,0,0,2,0,0,0
6,3,02KNO3,YO7,C4_T6,5,0,0,0,0,0,0,0
6,3,02KNO3,DPR,C5_T6,5,0,0,0,1,0,0,1
6,3,02KNO3,CP2,C6_T6,5,0,0,0,0,0,0,0
6,3,02KNO3,IH,D1_T6,5,0,1,0,0,0,0,0
6,3,LS,WL1,D2_T6,5,0,1,0,0,0,0,0
6,3,LS,SQ1,D3_T6,5,0,0,1,0,0,0,0
6,3,05KNO3,CP2,D4_T6,5,0,0,1,0,0,0,0
6,3,02KNO3,WL1,D5_T6,5,0,0,0,0,0,0,0
6,3,LS,WL2,D6_T6,5,0,0,0,0,0,0,0
7,4,LS,SQ1,A1_T7,5,1,0,0,0,0,0,0
7,4,LS,FR,A2_T7,5,0,0,0,0,0,0,0
7,4,LS,DPR,A3_T7,5,0,0,0,0,0,0,0
7,4,02KNO3,BH,A4_T7,5,0,0,0,0,0,0,0
7,4,LS,BH,A5_T7,5,0,0,0,0,0,0,0
7,4,05KNO3,SQ1,A6_T7,5,0,0,0,0,0,0,0
7,4,Control,TM2,B1_T7,5,1,0,0,0,0,0,0
7,4,05KNO3,BH,B2_T7,5,0,0,0,0,0,0,0
7,4,05KNO3,WL2,B3_T7,5,0,0,0,0,0,0,0
7,4,Control,SQ1,B4_T7,5,0,0,0,0,0,0,0
7,4,05KNO3,FR,B5_T7,5,0,0,0,0,0,0,0
7,4,05KNO3,IH,B6_T7,5,0,0,0,1,0,0,0
7,4,Control,YO1,C1_T7,5,0,0,0,0,0,1,0
7,4,LS,WL2,C2_T7,5,0,0,0,0,0,1,0
7,4,02KNO3,TM2,C3_T7,5,0,0,0,0,0,0,0
7,4,02KNO3,YO7,C4_T7,5,0,0,0,0,0,0,0
7,4,Control,WL1,C5_T7,5,1,0,0,0,0,0,0
7,4,LS,WL1,C6_T7,5,0,0,0,0,0,0,0
7,4,05KNO3,WL1,D1_T7,5,0,0,0,1,0,0,0
7,4,02KNO3,DPR,D2_T7,5,0,0,0,0,0,0,0
7,4,05KNO3,DPR,D3_T7,5,1,0,0,0,0,1,0
7,4,02KNO3,WL2,D4_T7,5,0,0,0,0,0,0,0
7,4,05KNO3,YO1,D5_T7,5,0,0,0,0,0,0,0
7,4,Control,CP2,D6_T7,5,0,0,0,0,0,0,0
8,4,LS,IH,A1_T8,5,0,0,0,0,0,0,1
8,4,Control,BH,A2_T8,5,0,0,0,0,0,0,0
8,4,02KNO3,IH,A3_T8,5,0,0,0,1,0,0,0
8,4,Control,IH,A4_T8,5,0,0,1,0,0,0,0
8,4,02KNO3,FR,A5_T8,5,0,0,0,0,0,0,0
8,4,Control,DPR,A6_T8,5,0,0,0,0,0,0,0
8,4,Control,FR,B1_T8,5,0,0,0,0,0,0,0
8,4,LS,YO7,B2_T8,5,0,0,0,0,0,0,0
8,4,05KNO3,CP2,B3_T8,5,0,0,0,0,0,0,0
8,4,05KNO3,TM2,B4_T8,5,0,0,0,0,0,0,0
8,4,LS,LVTR,B5_T8,5,0,0,0,0,0,0,0
8,4,05KNO3,YO7,B6_T8,5,0,0,0,0,0,0,0
8,4,02KNO3,CP2,C1_T8,5,0,0,0,0,0,0,0
8,4,LS,CP2,C2_T8,5,0,0,0,0,0,0,0
8,4,Control,YO7,C3_T8,5,0,0,0,0,0,0,0
8,4,02KNO3,LVTR,C4_T8,5,0,0,0,0,0,0,0
8,4,Control,WL2,C5_T8,5,0,0,0,0,0,0,0
8,4,LS,YO1,C6_T8,5,0,0,0,0,0,0,0
8,4,Control,LVTR,D1_T8,5,0,0,0,0,0,0,0
8,4,02KNO3,WL1,D2_T8,5,0,0,1,0,0,0,0
8,4,05KNO3,LVTR,D3_T8,5,0,0,0,0,0,0,0
8,4,02KNO3,YO1,D4_T8,5,0,0,0,0,0,0,0
8,4,02KNO3,SQ1,D5_T8,5,0,0,0,0,0,0,0
8,4,LS,TM2,D6_T8,5,0,0,0,0,0,0,0
9,5,05KNO3,LVTR,A1_T9,5,0,0,0,0,1,0,0
9,5,02KNO3,WL1,A2_T9,5,0,0,0,0,0,0,0
9,5,02KNO3,LVTR,A3_T9,5,0,0,0,0,0,1,0
9,5,02KNO3,WL2,A4_T9,5,0,0,0,0,0,0,0
9,5,Control,LVTR,A5_T9,5,0,0,0,0,0,0,0
9,5,02KNO3,BH,A6_T9,5,0,0,0,0,0,0,0
9,5,Control,SQ1,B1_T9,5,0,0,0,0,0,0,0
9,5,Control,CP2,B2_T9,5,0,0,0,0,0,0,0
9,5,LS,FR,B3_T9,5,0,1,0,0,0,0,0
9,5,Control,FR,B4_T9,5,0,0,0,0,0,0,0
9,5,02KNO3,YO1,B5_T9,5,0,0,0,0,0,0,0
9,5,02KNO3,IH,B6_T9,5,2,0,0,0,0,0,0
9,5,05KNO3,FR,C1_T9,5,0,0,0,0,0,0,0
9,5,LS,YO7,C2_T9,5,0,0,0,0,0,0,0
9,5,LS,WL1,C3_T9,5,0,1,0,0,0,0,0
9,5,05KNO3,TM2,C4_T9,5,0,0,0,0,0,0,0
9,5,05KNO3,IH,C5_T9,5,0,0,0,1,0,0,0
9,5,05KNO3,SQ1,C6_T9,5,0,0,0,0,0,0,0
9,5,LS,LVTR,D1_T9,5,0,0,0,0,0,0,0
9,5,05KNO3,YO7,D2_T9,5,0,0,0,0,0,0,0
9,5,02KNO3,YO7,D3_T9,5,0,0,0,0,0,0,0
9,5,02KNO3,FR,D4_T9,5,0,0,0,0,0,0,0
9,5,Control,TM2,D5_T9,5,0,0,0,0,0,0,0
9,5,LS,BH,D6_T9,5,0,0,0,0,0,0,0
10,5,Control,DPR,A1_T10,5,0,1,1,0,0,1,0
10,5,02KNO3,TM2,A2_T10,5,0,0,0,0,0,0,0
10,5,LS,WL2,A3_T10,5,0,0,0,0,0,0,0
10,5,Control,WL2,A4_T10,5,0,0,0,0,0,0,0
10,5,Control,IH,A5_T10,5,0,0,0,0,0,0,0
10,5,05KNO3,DPR,A6_T10,5,1,0,1,0,0,0,0
10,5,LS,DPR,B1_T10,5,0,1,0,0,0,0,0
10,5,LS,SQ1,B2_T10,5,0,0,0,0,0,0,0
10,5,02KNO3,CP2,B3_T10,5,0,0,0,0,0,0,0
10,5,LS,TM2,B4_T10,5,0,0,0,0,0,0,0
10,5,05KNO3,WL2,B5_T10,5,0,0,0,0,0,0,0
10,5,Control,WL1,B6_T10,5,0,0,0,0,0,0,0
10,5,LS,IH,C1_T10,5,0,0,0,1,0,0,0
10,5,05KNO3,WL1,C2_T10,5,0,0,0,0,0,0,0
10,5,LS,YO1,C3_T10,5,0,0,0,0,0,0,0
10,5,LS,CP2,C4_T10,5,0,0,0,0,0,0,0
10,5,02KNO3,DPR,C5_T10,5,0,0,0,1,0,0,0
10,5,05KNO3,CP2,C6_T10,5,0,0,0,0,0,0,0
10,5,05KNO3,BH,D1_T10,5,0,0,0,0,0,0,0
10,5,Control,YO7,D2_T10,5,0,0,0,0,0,0,0
10,5,02KNO3,SQ1,D3_T10,5,0,0,0,0,0,0,0
10,5,Control,YO1,D4_T10,5,0,0,0,0,0,0,0
10,5,05KNO3,YO1,D5_T10,5,0,0,0,0,0,0,0
10,5,Control,BH,D6_T10,5,0,0,0,0,0,0,0
11,6,05KNO3,BH,A1_T11,5,0,1,0,0,0,0,0
11,6,LS,BH,A2_T11,5,0,0,0,0,0,0,0
11,6,05KNO3,YO1,A3_T11,5,0,0,0,0,1,0,0
11,6,02KNO3,FR,A4_T11,5,0,0,0,0,0,0,0
11,6,05KNO3,CP2,A5_T11,5,0,0,0,0,0,0,0
11,6,02KNO3,WL2,A6_T11,5,0,0,0,0,0,0,0
11,6,05KNO3,YO7,B1_T11,5,0,0,0,0,0,1,0
11,6,05KNO3,TM2,B2_T11,5,0,0,0,0,0,0,0
11,6,LS,CP2,B3_T11,5,0,0,0,0,0,0,0
11,6,05KNO3,WL1,B4_T11,5,0,0,0,0,0,0,0
11,6,Control,CP2,B5_T11,5,0,0,0,0,0,0,0
11,6,LS,IH,B6_T11,5,0,0,0,0,0,0,0
11,6,Control,FR,C1_T11,5,0,0,0,0,0,0,0
11,6,05KNO3,FR,C2_T11,5,0,0,0,0,0,0,0
11,6,Control,SQ1,C3_T11,5,0,0,0,0,0,0,0
11,6,Control,BH,C4_T11,5,0,0,0,0,0,0,0
11,6,LS,YO7,C5_T11,5,0,0,0,0,0,0,0
11,6,LS,SQ1,C6_T11,5,0,0,0,0,0,0,0
11,6,02KNO3,BH,D1_T11,5,0,0,0,1,0,0,0
11,6,Control,YO1,D2_T11,5,0,0,0,0,0,0,0
11,6,02KNO3,WL1,D3_T11,5,0,0,0,0,0,0,0
11,6,LS,YO1,D4_T11,5,0,0,0,0,0,0,0
11,6,05KNO3,LVTR,D5_T11,5,0,0,0,0,0,0,0
11,6,02KNO3,YO7,D6_T11,5,0,0,0,0,0,0,0
12,6,02KNO3,DPR,A1_T12,5,1,0,0,0,0,0,0
12,6,05KNO3,DPR,A2_T12,5,0,1,0,0,0,1,0
12,6,LS,DPR,A3_T12,5,0,0,0,0,0,0,0
12,6,05KNO3,IH,A4_T12,5,0,0,0,0,0,0,0
12,6,Control,IH,A5_T12,5,0,1,0,0,0,0,0
12,6,05KNO3,WL2,A6_T12,5,0,0,0,0,0,0,0
12,6,LS,TM2,B1_T12,5,0,0,0,0,0,0,0
12,6,Control,DPR,B2_T12,5,0,0,0,0,1,0,0
12,6,Control,TM2,B3_T12,5,0,0,0,0,0,0,0
12,6,LS,WL2,B4_T12,5,0,0,0,0,0,0,0
12,6,LS,WL1,B5_T12,5,0,0,0,0,0,0,0
12,6,Control,WL1,B6_T12,5,0,0,0,0,0,0,0
12,6,Control,LVTR,C1_T12,5,0,0,0,0,0,0,0
12,6,LS,LVTR,C2_T12,5,0,0,0,0,0,0,0
12,6,Control,YO7,C3_T12,5,0,0,0,0,0,0,0
12,6,Control,WL2,C4_T12,5,0,0,0,0,0,0,0
12,6,02KNO3,LVTR,C5_T12,5,0,0,0,0,0,0,0
12,6,LS,FR,C6_T12,5,0,0,0,0,0,0,0
12,6,02KNO3,CP2,D1_T12,5,0,0,0,0,0,0,0
12,6,02KNO3,IH,D2_T12,5,0,0,0,0,0,0,0
12,6,05KNO3,SQ1,D3_T12,5,0,0,0,0,0,0,0
12,6,02KNO3,TM2,D4_T12,5,0,0,0,0,0,0,0
12,6,02KNO3,SQ1,D5_T12,5,0,0,0,0,0,0,0
12,6,02KNO3,YO1,D6_T12,5,0,0,0,0,0,0,0
13,7,Control,CP2,A1_T13,5,0,0,0,0,0,0,0
13,7,05KNO3,DPR,A2_T13,5,0,1,1,0,0,0,0
13,7,02KNO3,CP2,A3_T13,5,0,0,0,0,0,0,0
13,7,02KNO3,IH,A4_T13,5,0,1,0,0,0,0,0
13,7,02KNO3,DPR,A5_T13,5,0,0,2,0,0,0,0
13,7,05KNO3,IH,A6_T13,5,0,0,0,0,0,0,0
13,7,LS,YO1,B1_T13,5,0,0,0,0,0,0,0
13,7,Control,TM2,B2_T13,5,0,0,0,0,0,0,0
13,7,LS,YO7,B3_T13,5,0,0,0,0,0,0,1
13,7,LS,CP2,B4_T13,5,0,0,0,0,0,0,0
13,7,LS,FR,B5_T13,5,0,0,1,0,0,0,0
13,7,Control,WL2,B6_T13,5,0,0,0,0,0,0,0
13,7,02KNO3,WL1,C1_T13,5,0,0,0,0,0,0,0
13,7,02KNO3,SQ1,C2_T13,5,0,0,0,0,1,0,0
13,7,05KNO3,LVTR,C3_T13,5,0,0,0,0,0,0,0
13,7,02KNO3,YO7,C4_T13,5,0,0,0,0,0,0,0
13,7,02KNO3,TM2,C5_T13,5,0,0,0,0,0,0,0
13,7,05KNO3,YO7,C6_T13,5,0,0,0,0,0,0,0
13,7,LS,BH,D1_T13,5,0,0,0,0,0,0,0
13,7,Control,WL1,D2_T13,5,0,0,0,0,0,0,0
13,7,05KNO3,FR,D3_T13,5,0,0,0,0,0,0,0
13,7,Control,IH,D4_T13,5,0,0,0,0,0,0,0
13,7,05KNO3,CP2,D5_T13,5,0,0,0,0,0,0,0
13,7,02KNO3,WL2,D6_T13,5,0,0,0,0,0,0,0
14,7,LS,WL2,A1_T14,5,0,0,0,0,0,0,0
14,7,Control,YO1,A2_T14,5,0,0,0,0,0,0,0
14,7,LS,WL1,A3_T14,5,0,0,1,0,0,0,0
14,7,05KNO3,WL2,A4_T14,5,0,0,0,0,0,0,0
14,7,LS,DPR,A5_T14,5,0,0,1,0,0,0,1
14,7,LS,TM2,A6_T14,5,0,0,0,0,0,0,0
14,7,05KNO3,YO1,B1_T14,5,0,0,0,0,0,0,0
14,7,02KNO3,LVTR,B2_T14,5,0,0,1,0,0,0,0
14,7,02KNO3,YO1,B3_T14,5,0,0,0,0,0,0,0
14,7,Control,LVTR,B4_T14,5,0,0,0,0,1,0,0
14,7,Control,DPR,B5_T14,5,0,0,0,0,0,0,1
14,7,Control,YO7,B6_T14,5,0,0,0,0,0,0,0
14,7,05KNO3,WL1,C1_T14,5,0,1,0,0,0,0,0
14,7,LS,LVTR,C2_T14,5,0,0,0,0,0,0,0
14,7,02KNO3,BH,C3_T14,5,0,0,0,0,0,0,0
14,7,LS,SQ1,C4_T14,5,0,0,0,0,0,0,0
14,7,05KNO3,BH,C5_T14,5,0,1,0,0,0,0,0
14,7,05KNO3,SQ1,C6_T14,5,0,1,0,0,0,0,0
14,7,Control,SQ1,D1_T14,5,0,0,0,0,0,0,0
14,7,05KNO3,TM2,D2_T14,5,0,0,0,0,0,0,0
14,7,Control,BH,D3_T14,5,0,0,0,0,0,0,0
14,7,LS,IH,D4_T14,5,0,1,0,0,0,0,0
14,7,Control,FR,D5_T14,5,0,0,0,0,0,0,0
14,7,02KNO3,FR,D6_T14,5,0,1,0,0,0,0,0
15,8,05KNO3,YO1,A1_T15,5,0,0,0,0,0,0,0
15,8,LS,SQ1,A2_T15,5,0,0,0,0,0,0,0
15,8,LS,YO7,A3_T15,5,0,0,0,0,0,0,0
15,8,02KNO3,FR,A4_T15,5,0,0,0,0,0,0,0
15,8,LS,FR,A5_T15,5,0,0,0,0,0,0,0
15,8,05KNO3,BH,A6_T15,5,0,0,0,0,0,0,0
15,8,05KNO3,YO7,B1_T15,5,0,0,0,0,0,0,0
15,8,02KNO3,BH,B2_T15,5,0,0,0,0,0,0,0
15,8,02KNO3,LVTR,B3_T15,5,0,0,0,0,0,0,0
15,8,02KNO3,YO1,B4_T15,5,0,0,0,0,0,0,0
15,8,Control,FR,B5_T15,5,0,1,1,0,0,0,0
15,8,LS,TM2,B6_T15,5,0,0,0,0,0,0,0
15,8,Control,IH,C1_T15,5,0,0,1,0,0,0,0
15,8,Control,YO1,C2_T15,5,0,0,0,0,0,0,0
15,8,Control,WL1,C3_T15,5,0,0,0,0,1,0,0
15,8,LS,LVTR,C4_T15,5,0,0,0,0,2,0,0
15,8,05KNO3,FR,C5_T15,5,0,0,0,0,0,0,0
15,8,Control,SQ1,C6_T15,5,1,0,0,0,0,0,0
15,8,Control,LVTR,D1_T15,5,0,0,0,0,0,0,0
15,8,LS,BH,D2_T15,5,0,0,0,0,0,0,0
15,8,Control,YO7,D3_T15,5,0,0,0,0,0,0,0
15,8,02KNO3,TM2,D4_T15,5,0,0,0,0,0,0,0
15,8,Control,WL2,D5_T15,5,0,0,0,0,0,0,0
15,8,05KNO3,DPR,D6_T15,5,0,0,0,0,0,0,0
16,8,02KNO3,YO7,A1_T16,5,0,0,0,0,0,0,0
16,8,Control,CP2,A2_T16,5,0,0,0,0,0,0,0
16,8,05KNO3,CP2,A3_T16,5,0,0,0,0,0,0,0
16,8,02KNO3,SQ1,A4_T16,5,0,1,0,0,0,0,1
16,8,LS,IH,A5_T16,5,0,0,1,0,0,0,1
16,8,LS,WL2,A6_T16,5,0,0,0,0,1,0,0
16,8,05KNO3,TM2,B1_T16,5,0,0,0,0,0,0,0
16,8,Control,TM2,B2_T16,5,0,0,0,0,0,0,0
16,8,02KNO3,WL2,B3_T16,5,0,0,0,0,0,0,0
16,8,LS,DPR,B4_T16,5,0,0,1,0,0,0,0
16,8,02KNO3,DPR,B5_T16,5,0,0,0,0,0,1,0
16,8,05KNO3,SQ1,B6_T16,5,0,0,1,0,0,0,0
16,8,05KNO3,LVTR,C1_T16,5,0,0,0,1,0,0,0
16,8,02KNO3,CP2,C2_T16,5,0,0,0,0,0,0,0
16,8,Control,BH,C3_T16,5,0,0,0,0,0,0,0
16,8,05KNO3,WL2,C4_T16,5,0,0,0,0,0,0,0
16,8,LS,CP2,C5_T16,5,0,0,0,0,0,0,0
16,8,05KNO3,IH,C6_T16,5,0,0,1,0,0,0,1
16,8,02KNO3,WL1,D1_T16,5,0,0,0,0,0,0,0
16,8,LS,YO1,D2_T16,5,0,0,0,0,0,0,0
16,8,LS,WL1,D3_T16,5,0,0,0,0,0,1,0
16,8,05KNO3,WL1,D4_T16,5,0,0,1,0,0,0,0
16,8,Control,DPR,D5_T16,5,0,0,1,0,0,0,0
16,8,02KNO3,IH,D6_T16,5,0,0,0,0,0,0,0
17,9,LS,LVTR,A1_T17,5,0,0,0,0,0,0,0
17,9,02KNO3,IH,A2_T17,5,0,2,0,0,0,0,0
17,9,05KNO3,BH,A3_T17,5,0,0,0,0,0,0,0
17,9,LS,YO7,A4_T17,5,0,0,0,0,0,0,0
17,9,LS,BH,A5_T17,5,0,0,0,0,0,0,0
17,9,LS,YO1,A6_T17,5,0,0,0,0,0,0,0
17,9,Control,LVTR,B1_T17,5,0,0,0,0,0,0,0
17,9,LS,WL2,B2_T17,5,0,0,0,0,0,0,0
17,9,02KNO3,LVTR,B3_T17,5,0,0,0,0,0,0,0
17,9,02KNO3,CP2,B4_T17,5,0,0,0,0,0,0,0
17,9,Control,TM2,B5_T17,5,0,0,0,0,0,0,0
17,9,Control,IH,B6_T17,5,0,1,0,0,0,0,0
17,9,05KNO3,YO7,C1_T17,5,0,0,0,0,0,0,0
17,9,Control,WL2,C2_T17,5,0,0,0,0,0,0,0
17,9,LS,TM2,C3_T17,5,0,0,0,0,0,0,0
17,9,05KNO3,LVTR,C4_T17,5,0,0,0,0,0,0,0
17,9,LS,SQ1,C5_T17,5,0,0,0,0,0,0,0
17,9,02KNO3,WL1,C6_T17,5,0,0,0,0,0,0,0
17,9,05KNO3,SQ1,D1_T17,5,1,2,0,0,0,0,0
17,9,05KNO3,IH,D2_T17,5,0,0,0,0,0,0,1
17,9,LS,DPR,D3_T17,5,0,1,0,0,0,0,0
17,9,05KNO3,WL1,D4_T17,5,0,1,0,0,0,0,0
17,9,LS,WL1,D5_T17,5,0,0,0,0,0,0,0
17,9,LS,IH,D6_T17,5,0,0,1,0,0,1,0
18,9,02KNO3,DPR,A1_T18,5,1,0,0,0,0,0,0
18,9,02KNO3,TM2,A2_T18,5,0,0,0,0,0,0,0
18,9,Control,YO7,A3_T18,5,0,0,0,0,0,0,0
18,9,Control,YO1,A4_T18,5,0,0,0,0,0,0,0
18,9,05KNO3,WL2,A5_T18,5,0,0,0,0,0,0,0
18,9,02KNO3,FR,A6_T18,5,0,0,0,0,0,0,0
18,9,Control,DPR,B1_T18,5,1,0,0,1,1,0,0
18,9,05KNO3,CP2,B2_T18,5,0,0,0,0,0,0,0
18,9,05KNO3,FR,B3_T18,5,0,0,1,0,0,0,0
18,9,05KNO3,TM2,B4_T18,5,0,0,0,0,0,0,0
18,9,Control,WL1,B5_T18,5,0,0,0,1,0,0,0
18,9,Control,BH,B6_T18,5,0,0,0,0,0,0,0
18,9,LS,FR,C1_T18,5,0,0,0,0,0,0,0
18,9,Control,CP2,C2_T18,5,0,0,0,0,0,0,0
18,9,Control,SQ1,C3_T18,5,0,0,0,0,0,0,0
18,9,05KNO3,DPR,C4_T18,5,0,1,0,0,0,0,1
18,9,LS,CP2,C5_T18,5,0,0,0,0,0,0,0
18,9,02KNO3,BH,C6_T18,5,0,0,0,0,0,0,0
18,9,05KNO3,YO1,D1_T18,5,0,0,0,0,0,0,0
18,9,02KNO3,YO7,D2_T18,5,0,0,0,0,0,0,0
18,9,02KNO3,SQ1,D3_T18,5,0,0,0,0,0,0,0
18,9,02KNO3,YO1,D4_T18,5,0,0,0,0,0,0,0
18,9,Control,FR,D5_T18,5,0,0,0,0,0,0,0
18,9,02KNO3,WL2,D6_T18,5,0,0,0,0,0,0,0
19,10,LS,TM2,A1_T19,5,0,0,0,0,0,0,0
19,10,Control,BH,A2_T19,5,0,0,0,0,0,0,0
19,10,05KNO3,IH,A3_T19,5,0,0,0,0,0,0,0
19,10,02KNO3,FR,A4_T19,5,0,0,1,0,0,0,0
19,10,05KNO3,LVTR,A5_T19,5,0,0,0,0,0,0,0
19,10,Control,YO1,A6_T19,5,0,0,0,0,0,0,0
19,10,Control,WL1,B1_T19,5,0,1,0,0,0,0,0
19,10,02KNO3,DPR,B2_T19,5,1,0,0,0,0,0,0
19,10,Control,LVTR,B3_T19,5,0,0,0,0,0,0,0
19,10,LS,BH,B4_T19,5,0,0,0,0,0,0,0
19,10,Control,IH,B5_T19,5,0,1,0,0,0,0,0
19,10,05KNO3,YO7,B6_T19,5,0,0,0,0,0,0,0
19,10,05KNO3,WL2,C1_T19,5,0,0,0,0,0,0,0
19,10,LS,YO1,C2_T19,5,0,0,0,0,0,0,0
19,10,LS,FR,C3_T19,5,0,0,0,0,0,0,0
19,10,LS,CP2,C4_T19,5,0,0,0,0,0,0,0
19,10,05KNO3,YO1,C5_T19,5,0,0,0,0,0,0,0
19,10,Control,TM2,C6_T19,5,0,0,0,0,0,0,0
19,10,05KNO3,BH,D1_T19,5,0,0,0,0,0,0,0
19,10,LS,LVTR,D2_T19,5,0,0,0,0,0,0,0
19,10,02KNO3,WL1,D3_T19,5,0,0,0,0,0,0,0
19,10,02KNO3,CP2,D4_T19,5,0,0,0,0,0,0,0
19,10,05KNO3,DPR,D5_T19,5,0,0,0,0,0,0,0
19,10,LS,YO7,D6_T19,5,0,0,0,0,0,0,0
20,10,LS,WL1,A1_T20,5,0,0,0,1,0,0,0
20,10,05KNO3,SQ1,A2_T20,5,0,0,0,0,0,0,0
20,10,05KNO3,TM2,A3_T20,5,0,0,0,0,0,0,0
20,10,05KNO3,CP2,A4_T20,5,0,0,0,1,0,0,0
20,10,Control,DPR,A5_T20,5,0,0,0,1,0,0,0
20,10,02KNO3,LVTR,A6_T20,5,0,0,0,0,0,0,0
20,10,Control,WL2,B1_T20,5,0,0,0,0,0,0,0
20,10,LS,IH,B2_T20,5,0,0,0,0,0,0,0
20,10,02KNO3,TM2,B3_T20,5,0,0,0,0,0,0,0
20,10,LS,WL2,B4_T20,5,0,0,0,0,0,0,0
20,10,02KNO3,WL2,B5_T20,5,0,0,0,0,0,0,0
20,10,05KNO3,FR,B6_T20,5,0,0,0,0,0,0,0
20,10,LS,SQ1,C1_T20,5,0,0,0,0,0,0,0
20,10,Control,CP2,C2_T20,5,0,0,0,0,1,0,0
20,10,Control,FR,C3_T20,5,0,0,0,0,1,0,0
20,10,Control,SQ1,C4_T20,5,0,0,0,1,0,0,0
20,10,02KNO3,YO1,C5_T20,5,0,0,0,0,0,1,0
20,10,02KNO3,IH,C6_T20,5,0,0,0,1,0,0,0
20,10,02KNO3,YO7,D1_T20,5,0,0,0,0,0,0,0
20,10,Control,YO7,D2_T20,5,0,0,0,0,0,0,0
20,10,LS,DPR,D3_T20,5,1,0,0,0,0,0,0
20,10,05KNO3,WL1,D4_T20,5,0,0,0,0,1,0,0
20,10,02KNO3,SQ1,D5_T20,5,1,0,0,0,0,0,0
20,10,02KNO3,BH,D6_T20,5,0,0,0,0,0,0,0